[
  {
    "id": "59b0d9b9-a980-4bb9-8f26-9b273bf97d48",
    "data": [
      {
        "text": "Name Training: ",
        "userDefined": false
      },
      {
        "text": "name",
        "meta": "@sys.given-name",
        "alias": "given-name",
        "userDefined": true
      }
    ],
    "isTemplate": false,
    "count": 0,
    "lang": "en",
    "updated": 0
  },
  {
    "id": "3b16705c-c883-4739-a488-3ba3765a1b64",
    "data": [
      {
        "text": "Address Training: ",
        "userDefined": false
      },
      {
        "text": "address",
        "meta": "@sys.address",
        "alias": "address",
        "userDefined": true
      }
    ],
    "isTemplate": false,
    "count": 0,
    "lang": "en",
    "updated": 0
  },
  {
    "id": "5782cb44-7298-45bb-8561-662bda78fa5d",
    "data": [
      {
        "text": "Pizza Base Training: ",
        "userDefined": false
      },
      {
        "text": "base",
        "meta": "@base",
        "alias": "base",
        "userDefined": true
      }
    ],
    "isTemplate": false,
    "count": 0,
    "lang": "en",
    "updated": 0
  },
  {
    "id": "e8391a60-7f57-43b5-9c78-3e04e31c0755",
    "data": [
      {
        "text": "Pizza topping training: ",
        "userDefined": false
      },
      {
        "text": "topping",
        "meta": "@topping",
        "alias": "topping",
        "userDefined": true
      }
    ],
    "isTemplate": false,
    "count": 0,
    "lang": "en",
    "updated": 0
  },
  {
    "id": "a22ea631-9f6c-4ceb-b7d8-cd278e0a18a8",
    "data": [
      {
        "text": "Pizza Size Training: ",
        "userDefined": false
      },
      {
        "text": "size",
        "meta": "@size",
        "alias": "size",
        "userDefined": true
      }
    ],
    "isTemplate": false,
    "count": 0,
    "lang": "en",
    "updated": 0
  },
  {
    "id": "37402df4-c458-4d9e-b6d2-94c286237776",
    "data": [
      {
        "text": "Phone Number Training: ",
        "userDefined": false
      },
      {
        "text": "9123455678",
        "meta": "@sys.phone-number",
        "alias": "phone-number",
        "userDefined": true
      }
    ],
    "isTemplate": false,
    "count": 0,
    "lang": "en",
    "updated": 0
  },
  {
    "id": "9dcd33e9-387f-45f1-8850-b742b18033eb",
    "data": [
      {
        "text": "Email Id Training: ",
        "userDefined": false
      },
      {
        "text": "saiashish@gmail.com",
        "meta": "@sys.email",
        "alias": "email",
        "userDefined": true
      }
    ],
    "isTemplate": false,
    "count": 0,
    "lang": "en",
    "updated": 0
  },
  {
    "id": "75f5bc2c-aa28-4b54-a1d6-36d5e71ca57c",
    "data": [
      {
        "text": "I want to order a pizza",
        "userDefined": false
      }
    ],
    "isTemplate": false,
    "count": 0,
    "lang": "en",
    "updated": 0
  },
  {
    "id": "f72ecb24-06d6-4574-9bd4-a15b6930499a",
    "data": [
      {
        "text": "Order Pizza",
        "userDefined": false
      }
    ],
    "isTemplate": false,
    "count": 0,
    "lang": "en",
    "updated": 0
  },
  {
    "id": "6645bf67-3496-47ff-82c8-31ba9f259494",
    "data": [
      {
        "text": "I want a pizza",
        "userDefined": false
      }
    ],
    "isTemplate": false,
    "count": 0,
    "lang": "en",
    "updated": 0
  }
]